Task,R²,RMSE,MAE,Readiness
demand_forecast,0.9978370985456735,0.04951606555683524,0.01075446610169615,Ready
stockout_risk,0.9931346222369312,0.025360531924366044,0.0068490045735813306,Ready
delivery_performance,0.9472671736128614,0.04310849430885138,0.02666681355932203,Ready
procurement_priority,1.0,3.3407549507231244e-14,2.23399453361862e-14,Ready
